,Date,Name,Category,Price
0,2023-02-09 00:00:00, Fresh Strawberry  250G,Fruit,3.0
1,2023-02-09 00:00:00, White Seedless Grapes Bunch Each,Fruit,6.56
2,2023-02-09 00:00:00, Fresh Blueberries  125G,Fruit,3.5
3,2023-02-09 00:00:00,Driscoll's Fresh Raspberry  125G,Fruit,2.9
4,2023-02-09 00:00:00, Cavendish Bananas  Each,Fruit,0.81
5,2023-02-09 00:00:00,Woolworths Red Watermelon Cut Quarter Each,Fruit,6.38
6,2023-02-09 00:00:00, Lime Fresh  Each,Fruit,1.34
7,2023-02-09 00:00:00, Lemon Fresh  Each,Fruit,1.56
8,2023-02-09 00:00:00,Woolworths Fresh Granny Smith Apples 1Kg,Fruit,4.9
9,2023-02-09 00:00:00,Jazz Apple  Each,Fruit,1.31
10,2023-02-09 00:00:00, Orange Navel  Each,Fruit,1.78
11,2023-02-09 00:00:00, Lychee Fresh  Per Kg,Fruit,21.9
12,2023-02-09 00:00:00,Woolworths Baby Spinach Spinach 280g,Vegetable,5.0
13,2023-02-09 00:00:00,Woolworths Baby Leaf Rocket  120g,Vegetable,3.3
14,2023-02-09 00:00:00,Woolworths Cherry Tomatoes  250G,Vegetable,3.0
15,2023-02-09 00:00:00, Spring Onion Eschallot Bunch,Vegetable,2.8
16,2023-02-09 00:00:00, Hass Avocado  Each,Vegetable,3.5
17,2023-02-09 00:00:00,Woolworths Australian Grown Carrots 1Kg,Vegetable,1.0
18,2023-02-09 00:00:00, Fresh Broccoli  Each,Vegetable,1.62
19,2023-02-09 00:00:00,Select Continental Cucumbers  Each,Vegetable,3.5
20,2023-02-09 00:00:00, Potato White Washed  Each,Vegetable,0.81
21,2023-02-09 00:00:00, Onion Red  Each,Vegetable,0.68
22,2023-02-09 00:00:00, Onion Brown  Each,Vegetable,0.59
23,2023-02-09 00:00:00, Sweet Potato Gold  Each,Vegetable,2.21
24,2023-02-09 00:00:00,Woolworths Qukes Baby Cucumbers Punnet 250G,Vegetable,3.0
25,2023-02-09 00:00:00,Woolworths Cos Hearts Lettuce  2 Pack,Vegetable,3.5
26,2023-02-09 00:00:00,Woolworths Broccolini Bunch  Each,Vegetable,3.5
27,2023-02-09 00:00:00,Woolworths Snow Peas Fresh  250G Bag,Vegetable,7.9
28,2023-02-09 00:00:00, Ginger Fresh  Per Kg,Vegetable,35.0
29,2023-02-09 00:00:00, Cabbage Chinese Wombok  Whole Each,Vegetable,5.9
30,2023-02-09 00:00:00,Woolworths Garlic Head  Each,Vegetable,1.45
31,2023-02-09 00:00:00, Beans Round  Per Kg,Vegetable,5.9
32,2023-02-09 00:00:00, Corn Sweet  Each,Vegetable,0.8
33,2023-02-09 00:00:00,Woolworths Asparagus Green Bunch Each,Vegetable,3.9
34,2023-02-09 00:00:00, Brown Mushrooms Loose  Per Kg,Vegetable,12.9
35,2023-02-09 00:00:00,Woolworths Cook Butterflied Lamb Leg With Garlic & Herbs 750G - 1.4Kg,Meat,33.6
36,2023-02-09 00:00:00, Pork Belly  600G - 1.3Kg,Meat,24.7
37,2023-02-09 00:00:00,Woolworths Beef Mince 500G,Meat,7.0
38,2023-02-09 00:00:00, Chicken Thigh Fillet Per Kg,Meat,13.5
39,2023-02-09 00:00:00,Woolworths Beef Rump Steak Medium  270G - 750G,Meat,19.6
40,2023-02-09 00:00:00,A2 Full Cream Milk 2L,Fridge,6.6
41,2023-02-09 00:00:00,Vitasoy Oat Milk 1L,Fridge,2.0
42,2023-02-09 00:00:00,Nudie Nothing But Oranges With Pulp 2L,Fridge,8.0
43,2023-02-09 00:00:00,Flora Proactiv Cholesterol Lowering Margarine Spread Light 500G,Fridge,10.0
44,2023-02-09 00:00:00,Essentials Unsalted Butter  250G,Fridge,3.7
45,2023-02-09 00:00:00,Woolworths Thickened Cream  300mL,Fridge,2.6
46,2023-02-09 00:00:00,Farmers Union Natural Greek Style Yogurt  500G,Fridge,4.5
47,2023-02-09 00:00:00,Vaalia Probiotic Yoghurt Passionfruit Yoghurt 150gx 4 Pack,Fridge,5.0
48,2023-02-09 00:00:00,Bega Tasty Cheese Slices 500G,Fridge,10.5
49,2023-02-09 00:00:00,Pauls Custard Vanilla Custard 1kg,Fridge,4.0
50,2023-02-09 00:00:00,Spam Ham Low Salt 340G,Pantry,6.3
51,2023-02-09 00:00:00,Campbell's Real Chicken Salt Reduced Liquid Stock 1L,Pantry,4.5
52,2023-02-09 00:00:00,Essentials Plain Flour  2Kg,Pantry,2.2
53,2023-02-09 00:00:00,Essentials White Sugar  2Kg,Pantry,2.2
54,2023-02-09 00:00:00,Csr Brown Sugar  1Kg,Pantry,3.8
55,2023-02-09 00:00:00,Csr Icing Sugar Soft Mixture 1Kg,Pantry,3.85
56,2023-02-09 00:00:00,Cadbury Baking Milk Chocolate Chips 200G,Pantry,3.5
57,2023-02-09 00:00:00,Cadbury Baking Chocolate Chips White 200G,Pantry,3.5
58,2023-02-09 00:00:00,Cadbury Baking Dark Chocolate Block  180G,Pantry,3.5
59,2023-02-09 00:00:00,Cadbury Baking Milk Chocolate Block  180G,Pantry,3.5
60,2023-02-09 00:00:00,Queen Fairtrade Vanilla Extract With Seeds 50mL,Pantry,7.1
61,2023-02-09 00:00:00,Essentials Self Raising Flour  2Kg,Pantry,2.2
62,2023-02-09 00:00:00,Rose's Strawberry Jam Conserve Conserve 500G,Pantry,4.5
63,2023-02-09 00:00:00,Bega Peanut Butter Crunchy 780G,Pantry,7.5
64,2023-02-09 00:00:00,Vegemite Spread  560G,Pantry,9.0
65,2023-02-09 00:00:00,Kellogg's Crunchy Nut Corn Flakes Breakfast Cereal 640g,Pantry,9.5
66,2023-02-09 00:00:00,Kellogg's Nutri Grain Protein Breakfast Cereal 765g,Pantry,10.0
67,2023-02-09 00:00:00,Nestle Milo Choc-malt 1Kg,Pantry,14.5
68,2023-02-09 00:00:00,Twinings English Breakfast Extra Strong Tea Bags 80 Pack,Pantry,13.5
69,2023-02-09 00:00:00,Capilano 100% Pure Australian Honey Squeeze 500g,Pantry,8.6
70,2023-02-09 00:00:00,Tip Top The One White Sandwich Slice Bread Loaf 700g,Pantry,3.9
71,2023-02-09 00:00:00,Tip Top Raisin Fruit Bread Loaf Toast 520G,Pantry,4.7
72,2023-02-09 00:00:00,Woolworths Bread Rolls Extra Soft Lunch 6 Pack,Pantry,2.5
73,2023-02-09 00:00:00,Menissez Bake At Home White Dinner Rolls 6 Pack,Pantry,2.3
74,2023-02-09 00:00:00,Woolworths Frozen Blueberries  500G,Frozen,6.2
75,2023-02-09 00:00:00,Woolworths Frozen Mixed Berries  500G,Frozen,6.2
76,2023-02-09 00:00:00,Woolworths Australian Baby Peas  1Kg,Frozen,4.0
77,2023-02-09 00:00:00,Sara Lee Deep Dish Pie With Apple Crumble Top 800G,Frozen,9.5
78,2023-02-09 00:00:00,Weis Ice Cream Mango & Cream 4 Pack,Frozen,8.5
79,2023-02-09 00:00:00,"Bulla Splits Multipack Raspberry, Mango & Lemon Lime 10 Pack",Frozen,8.0
80,2023-02-09 00:00:00,Streets Blue Ribbon Ice Cream Vanilla 2L,Frozen,5.75
81,2023-02-09 00:00:00,Connoisseur Ice Cream Vanilla Caramel Brownie 1L,Frozen,12.0
82,2023-02-09 00:00:00,Bulla Creamy Classics Cones Vanilla Fudge 4 Pack,Frozen,9.0
83,2023-02-13 00:00:00, Fresh Strawberry  250G,Fruit,4.5
84,2023-02-13 00:00:00, White Seedless Grapes Bunch Each,Fruit,5.61
85,2023-02-13 00:00:00, Fresh Blueberries  125G,Fruit,3.9
86,2023-02-13 00:00:00,Driscoll's Fresh Raspberry  125G,Fruit,2.9
87,2023-02-13 00:00:00, Cavendish Bananas  Each,Fruit,0.81
88,2023-02-13 00:00:00,Woolworths Red Watermelon Cut Quarter Each,Fruit,6.38
89,2023-02-13 00:00:00, Lime Fresh  Each,Fruit,1.34
90,2023-02-13 00:00:00, Lemon Fresh  Each,Fruit,1.56
91,2023-02-13 00:00:00,Woolworths Fresh Granny Smith Apples 1Kg,Fruit,4.9
92,2023-02-13 00:00:00,Jazz Apple  Each,Fruit,1.31
93,2023-02-13 00:00:00, Orange Navel  Each,Fruit,1.78
94,2023-02-13 00:00:00, Lychee Fresh  Per Kg,Fruit,21.9
95,2023-02-13 00:00:00,Woolworths Baby Spinach Spinach 280g,Vegetable,5.0
96,2023-02-13 00:00:00,Woolworths Baby Leaf Rocket  120g,Vegetable,3.3
97,2023-02-13 00:00:00,Woolworths Cherry Tomatoes  250G,Vegetable,3.0
98,2023-02-13 00:00:00, Spring Onion Eschallot Bunch,Vegetable,2.8
99,2023-02-13 00:00:00, Hass Avocado  Each,Vegetable,3.5
100,2023-02-13 00:00:00,Woolworths Australian Grown Carrots 1Kg,Vegetable,1.0
101,2023-02-13 00:00:00, Fresh Broccoli  Each,Vegetable,1.49
102,2023-02-13 00:00:00,Select Continental Cucumbers  Each,Vegetable,3.5
103,2023-02-13 00:00:00, Potato White Washed  Each,Vegetable,0.81
104,2023-02-13 00:00:00, Onion Red  Each,Vegetable,0.68
105,2023-02-13 00:00:00, Onion Brown  Each,Vegetable,0.59
106,2023-02-13 00:00:00, Sweet Potato Gold  Each,Vegetable,2.21
107,2023-02-13 00:00:00,Woolworths Qukes Baby Cucumbers Punnet 250G,Vegetable,3.0
108,2023-02-13 00:00:00,Woolworths Cos Hearts Lettuce  2 Pack,Vegetable,3.5
109,2023-02-13 00:00:00,Woolworths Broccolini Bunch  Each,Vegetable,2.9
110,2023-02-13 00:00:00,Woolworths Snow Peas Fresh  250G Bag,Vegetable,7.9
111,2023-02-13 00:00:00, Ginger Fresh  Per Kg,Vegetable,35.0
112,2023-02-13 00:00:00, Cabbage Chinese Wombok  Whole Each,Vegetable,5.9
113,2023-02-13 00:00:00,Woolworths Garlic Head  Each,Vegetable,1.45
114,2023-02-13 00:00:00, Beans Round  Per Kg,Vegetable,5.9
115,2023-02-13 00:00:00, Corn Sweet  Each,Vegetable,0.8
116,2023-02-13 00:00:00,Woolworths Asparagus Green Bunch Each,Vegetable,3.9
117,2023-02-13 00:00:00, Brown Mushrooms Loose  Per Kg,Vegetable,12.9
118,2023-02-13 00:00:00,Woolworths Cook Butterflied Lamb Leg With Garlic & Herbs 750G - 1.4Kg,Meat,33.6
119,2023-02-13 00:00:00, Pork Belly  600G - 1.3Kg,Meat,24.7
120,2023-02-13 00:00:00,Woolworths Beef Mince 500G,Meat,7.0
121,2023-02-13 00:00:00, Chicken Thigh Fillet Per Kg,Meat,13.5
122,2023-02-13 00:00:00,Woolworths Beef Rump Steak Medium  270G - 750G,Meat,19.6
123,2023-02-13 00:00:00,A2 Full Cream Milk 2L,Fridge,6.6
124,2023-02-13 00:00:00,Vitasoy Oat Milk 1L,Fridge,2.0
125,2023-02-13 00:00:00,Nudie Nothing But Oranges With Pulp 2L,Fridge,8.0
126,2023-02-13 00:00:00,Flora Proactiv Cholesterol Lowering Margarine Spread Light 500G,Fridge,10.0
127,2023-02-13 00:00:00,Essentials Unsalted Butter  250G,Fridge,3.7
128,2023-02-13 00:00:00,Woolworths Thickened Cream  300mL,Fridge,2.6
129,2023-02-13 00:00:00,Farmers Union Natural Greek Style Yogurt  500G,Fridge,4.5
130,2023-02-13 00:00:00,Vaalia Probiotic Yoghurt Passionfruit Yoghurt 150gx 4 Pack,Fridge,5.3
131,2023-02-13 00:00:00,Bega Tasty Cheese Slices 500G,Fridge,10.5
132,2023-02-13 00:00:00,Pauls Custard Vanilla Custard 1kg,Fridge,4.0
133,2023-02-13 00:00:00,Spam Ham Low Salt 340G,Pantry,6.3
134,2023-02-13 00:00:00,Campbell's Real Chicken Salt Reduced Liquid Stock 1L,Pantry,4.5
135,2023-02-13 00:00:00,Essentials Plain Flour  2Kg,Pantry,2.2
136,2023-02-13 00:00:00,Essentials White Sugar  2Kg,Pantry,2.2
137,2023-02-13 00:00:00,Csr Brown Sugar  1Kg,Pantry,3.8
138,2023-02-13 00:00:00,Csr Icing Sugar Soft Mixture 1Kg,Pantry,3.85
139,2023-02-13 00:00:00,Cadbury Baking Milk Chocolate Chips 200G,Pantry,3.5
140,2023-02-13 00:00:00,Cadbury Baking Chocolate Chips White 200G,Pantry,3.5
141,2023-02-13 00:00:00,Cadbury Baking Dark Chocolate Block  180G,Pantry,3.5
142,2023-02-13 00:00:00,Cadbury Baking Milk Chocolate Block  180G,Pantry,3.5
143,2023-02-13 00:00:00,Queen Fairtrade Vanilla Extract With Seeds 50mL,Pantry,7.1
144,2023-02-13 00:00:00,Essentials Self Raising Flour  2Kg,Pantry,2.2
145,2023-02-13 00:00:00,Rose's Strawberry Jam Conserve Conserve 500G,Pantry,4.5
146,2023-02-13 00:00:00,Bega Peanut Butter Crunchy 780G,Pantry,7.5
147,2023-02-13 00:00:00,Vegemite Spread  560G,Pantry,9.0
148,2023-02-13 00:00:00,Kellogg's Crunchy Nut Corn Flakes Breakfast Cereal 640g,Pantry,9.5
149,2023-02-13 00:00:00,Kellogg's Nutri Grain Protein Breakfast Cereal 765g,Pantry,10.0
150,2023-02-13 00:00:00,Nestle Milo Choc-malt 1Kg,Pantry,14.5
151,2023-02-13 00:00:00,Twinings English Breakfast Extra Strong Tea Bags 80 Pack,Pantry,13.5
152,2023-02-13 00:00:00,Capilano 100% Pure Australian Honey Squeeze 500g,Pantry,8.6
153,2023-02-13 00:00:00,Tip Top The One White Sandwich Slice Bread Loaf 700g,Pantry,3.9
154,2023-02-13 00:00:00,Tip Top Raisin Fruit Bread Loaf Toast 520G,Pantry,4.7
155,2023-02-13 00:00:00,Woolworths Bread Rolls Extra Soft Lunch 6 Pack,Pantry,2.5
156,2023-02-13 00:00:00,Menissez Bake At Home White Dinner Rolls 6 Pack,Pantry,2.3
157,2023-02-13 00:00:00,Woolworths Frozen Blueberries  500G,Frozen,6.2
158,2023-02-13 00:00:00,Woolworths Frozen Mixed Berries  500G,Frozen,6.2
159,2023-02-13 00:00:00,Woolworths Australian Baby Peas  1Kg,Frozen,4.0
160,2023-02-13 00:00:00,Sara Lee Deep Dish Pie With Apple Crumble Top 800G,Frozen,9.5
161,2023-02-13 00:00:00,Weis Ice Cream Mango & Cream 4 Pack,Frozen,8.5
162,2023-02-13 00:00:00,"Bulla Splits Multipack Raspberry, Mango & Lemon Lime 10 Pack",Frozen,8.0
163,2023-02-13 00:00:00,Streets Blue Ribbon Ice Cream Vanilla 2L,Frozen,5.75
164,2023-02-13 00:00:00,Connoisseur Ice Cream Vanilla Caramel Brownie 1L,Frozen,12.0
165,2023-02-13 00:00:00,Bulla Creamy Classics Cones Vanilla Fudge 4 Pack,Frozen,9.0
166,2023-02-20 00:00:00, Fresh Strawberry  250G,Fruit,3.7
167,2023-02-20 00:00:00, White Seedless Grapes Bunch Each,Fruit,5.51
168,2023-02-20 00:00:00, Fresh Blueberries  125G,Fruit,4.0
169,2023-02-20 00:00:00,Driscoll's Fresh Raspberry  125G,Fruit,3.5
170,2023-02-20 00:00:00, Cavendish Bananas  Each,Fruit,0.72
171,2023-02-20 00:00:00,Woolworths Red Watermelon Cut Quarter Each,Fruit,6.38
172,2023-02-20 00:00:00, Lime Fresh  Each,Fruit,1.34
173,2023-02-20 00:00:00, Lemon Fresh  Each,Fruit,1.56
174,2023-02-20 00:00:00,Woolworths Fresh Granny Smith Apples 1Kg,Fruit,4.9
175,2023-02-20 00:00:00,Jazz Apple  Each,Fruit,1.31
176,2023-02-20 00:00:00, Orange Navel  Each,Fruit,1.78
177,2023-02-20 00:00:00, Lychee Fresh  Per Kg,Fruit,21.9
178,2023-02-20 00:00:00,Woolworths Baby Spinach Spinach 280g,Vegetable,5.0
179,2023-02-20 00:00:00,Woolworths Baby Leaf Rocket  120g,Vegetable,3.3
180,2023-02-20 00:00:00,Woolworths Cherry Tomatoes  250G,Vegetable,2.0
181,2023-02-20 00:00:00, Spring Onion Eschallot Bunch,Vegetable,2.8
182,2023-02-20 00:00:00, Hass Avocado  Each,Vegetable,3.0
183,2023-02-20 00:00:00,Woolworths Australian Grown Carrots 1Kg,Vegetable,2.4
184,2023-02-20 00:00:00, Fresh Broccoli  Each,Vegetable,1.95
185,2023-02-20 00:00:00,Select Continental Cucumbers  Each,Vegetable,3.5
186,2023-02-20 00:00:00, Potato White Washed  Each,Vegetable,0.81
187,2023-02-20 00:00:00, Onion Red  Each,Vegetable,0.68
188,2023-02-20 00:00:00, Onion Brown  Each,Vegetable,0.59
189,2023-02-20 00:00:00, Sweet Potato Gold  Each,Vegetable,2.21
190,2023-02-20 00:00:00,Woolworths Qukes Baby Cucumbers Punnet 250G,Vegetable,4.5
191,2023-02-20 00:00:00,Woolworths Cos Hearts Lettuce  2 Pack,Vegetable,3.5
192,2023-02-20 00:00:00,Woolworths Broccolini Bunch  Each,Vegetable,2.9
193,2023-02-20 00:00:00,Woolworths Snow Peas Fresh  250G Bag,Vegetable,7.9
194,2023-02-20 00:00:00, Ginger Fresh  Per Kg,Vegetable,35.0
195,2023-02-20 00:00:00, Cabbage Chinese Wombok  Whole Each,Vegetable,5.9
196,2023-02-20 00:00:00,Woolworths Garlic Head  Each,Vegetable,1.45
197,2023-02-20 00:00:00, Beans Round  Per Kg,Vegetable,6.9
198,2023-02-20 00:00:00, Corn Sweet  Each,Vegetable,1.0
199,2023-02-20 00:00:00,Woolworths Asparagus Green Bunch Each,Vegetable,3.9
200,2023-02-20 00:00:00, Brown Mushrooms Loose  Per Kg,Vegetable,12.9
201,2023-02-20 00:00:00,Woolworths Cook Butterflied Lamb Leg With Garlic & Herbs 750G - 1.4Kg,Meat,33.6
202,2023-02-20 00:00:00, Pork Belly  600G - 1.3Kg,Meat,20.8
203,2023-02-20 00:00:00,Woolworths Beef Mince 500G,Meat,7.0
204,2023-02-20 00:00:00, Chicken Thigh Fillet Per Kg,Meat,13.5
205,2023-02-20 00:00:00,Woolworths Beef Rump Steak Medium  270G - 750G,Meat,19.6
206,2023-02-20 00:00:00,A2 Full Cream Milk 2L,Fridge,6.6
207,2023-02-20 00:00:00,Vitasoy Oat Milk 1L,Fridge,3.3
208,2023-02-20 00:00:00,Nudie Nothing But Oranges With Pulp 2L,Fridge,8.0
209,2023-02-20 00:00:00,Flora Proactiv Cholesterol Lowering Margarine Spread Light 500G,Fridge,8.0
210,2023-02-20 00:00:00,Essentials Unsalted Butter  250G,Fridge,3.7
211,2023-02-20 00:00:00,Woolworths Thickened Cream  300mL,Fridge,2.6
212,2023-02-20 00:00:00,Farmers Union Natural Greek Style Yogurt  500G,Fridge,4.5
213,2023-02-20 00:00:00,Vaalia Probiotic Yoghurt Passionfruit Yoghurt 150gx 4 Pack,Fridge,5.3
214,2023-02-20 00:00:00,Bega Tasty Cheese Slices 500G,Fridge,10.5
215,2023-02-20 00:00:00,Pauls Custard Vanilla Custard 1kg,Fridge,5.4
216,2023-02-20 00:00:00,Spam Ham Low Salt 340G,Pantry,5.0
217,2023-02-20 00:00:00,Campbell's Real Chicken Salt Reduced Liquid Stock 1L,Pantry,4.5
218,2023-02-20 00:00:00,Essentials Plain Flour  2Kg,Pantry,2.2
219,2023-02-20 00:00:00,Essentials White Sugar  2Kg,Pantry,2.2
220,2023-02-20 00:00:00,Csr Brown Sugar  1Kg,Pantry,3.0
221,2023-02-20 00:00:00,Csr Icing Sugar Soft Mixture 1Kg,Pantry,3.85
222,2023-02-20 00:00:00,Cadbury Baking Milk Chocolate Chips 200G,Pantry,4.5
223,2023-02-20 00:00:00,Cadbury Baking Chocolate Chips White 200G,Pantry,4.5
224,2023-02-20 00:00:00,Cadbury Baking Dark Chocolate Block  180G,Pantry,4.5
225,2023-02-20 00:00:00,Cadbury Baking Milk Chocolate Block  180G,Pantry,4.5
226,2023-02-20 00:00:00,Queen Fairtrade Vanilla Extract With Seeds 50mL,Pantry,8.0
227,2023-02-20 00:00:00,Essentials Self Raising Flour  2Kg,Pantry,2.2
228,2023-02-20 00:00:00,Rose's Strawberry Jam Conserve Conserve 500G,Pantry,4.5
229,2023-02-20 00:00:00,Bega Peanut Butter Crunchy 780G,Pantry,7.5
230,2023-02-20 00:00:00,Vegemite Spread  560G,Pantry,9.0
231,2023-02-20 00:00:00,Kellogg's Crunchy Nut Corn Flakes Breakfast Cereal 640g,Pantry,9.5
232,2023-02-20 00:00:00,Kellogg's Nutri Grain Protein Breakfast Cereal 765g,Pantry,10.0
233,2023-02-20 00:00:00,Nestle Milo Choc-malt 1Kg,Pantry,14.5
234,2023-02-20 00:00:00,Twinings English Breakfast Extra Strong Tea Bags 80 Pack,Pantry,6.75
235,2023-02-20 00:00:00,Capilano 100% Pure Australian Honey Squeeze 500g,Pantry,8.6
236,2023-02-20 00:00:00,Tip Top The One White Sandwich Slice Bread Loaf 700g,Pantry,3.9
237,2023-02-20 00:00:00,Tip Top Raisin Fruit Bread Loaf Toast 520G,Pantry,4.0
238,2023-02-20 00:00:00,Woolworths Bread Rolls Extra Soft Lunch 6 Pack,Pantry,2.5
239,2023-02-20 00:00:00,Menissez Bake At Home White Dinner Rolls 6 Pack,Pantry,2.3
240,2023-02-20 00:00:00,Woolworths Frozen Blueberries  500G,Frozen,6.2
241,2023-02-20 00:00:00,Woolworths Frozen Mixed Berries  500G,Frozen,6.2
242,2023-02-20 00:00:00,Woolworths Australian Baby Peas  1Kg,Frozen,4.0
243,2023-02-20 00:00:00,Sara Lee Deep Dish Pie With Apple Crumble Top 800G,Frozen,9.5
244,2023-02-20 00:00:00,Weis Ice Cream Mango & Cream 4 Pack,Frozen,8.5
245,2023-02-20 00:00:00,"Bulla Splits Multipack Raspberry, Mango & Lemon Lime 10 Pack",Frozen,6.0
246,2023-02-20 00:00:00,Streets Blue Ribbon Ice Cream Vanilla 2L,Frozen,5.75
247,2023-02-20 00:00:00,Connoisseur Ice Cream Vanilla Caramel Brownie 1L,Frozen,6.0
248,2023-02-20 00:00:00,Bulla Creamy Classics Cones Vanilla Fudge 4 Pack,Frozen,4.5
249,2023-02-27 00:00:00, Fresh Strawberry  250G,Fruit,3.7
250,2023-02-27 00:00:00, White Seedless Grapes Bunch Each,Fruit,5.23
251,2023-02-27 00:00:00, Fresh Blueberries  125G,Fruit,4.7
252,2023-02-27 00:00:00,Driscoll's Fresh Raspberry  125G,Fruit,4.0
253,2023-02-27 00:00:00, Cavendish Bananas  Each,Fruit,0.72
254,2023-02-27 00:00:00,Woolworths Red Watermelon Cut Quarter Each,Fruit,5.5
255,2023-02-27 00:00:00, Lime Fresh  Each,Fruit,1.34
256,2023-02-27 00:00:00, Lemon Fresh  Each,Fruit,1.56
257,2023-02-27 00:00:00,Woolworths Fresh Granny Smith Apples 1Kg,Fruit,4.9
258,2023-02-27 00:00:00,Jazz Apple  Each,Fruit,1.21
259,2023-02-27 00:00:00, Orange Navel  Each,Fruit,1.78
260,2023-02-27 00:00:00, Lychee Fresh  Per Kg,Fruit,15.9
261,2023-02-27 00:00:00,Woolworths Baby Spinach Spinach 280g,Vegetable,5.0
262,2023-02-27 00:00:00,Woolworths Baby Leaf Rocket  120g,Vegetable,3.3
263,2023-02-27 00:00:00,Woolworths Cherry Tomatoes  250G,Vegetable,3.0
264,2023-02-27 00:00:00, Spring Onion Eschallot Bunch,Vegetable,2.8
265,2023-02-27 00:00:00, Hass Avocado  Each,Vegetable,3.0
266,2023-02-27 00:00:00,Woolworths Australian Grown Carrots 1Kg,Vegetable,1.5
267,2023-02-27 00:00:00, Fresh Broccoli  Each,Vegetable,1.29
268,2023-02-27 00:00:00,Select Continental Cucumbers  Each,Vegetable,3.5
269,2023-02-27 00:00:00, Potato White Washed  Each,Vegetable,0.81
270,2023-02-27 00:00:00, Onion Red  Each,Vegetable,0.68
271,2023-02-27 00:00:00, Onion Brown  Each,Vegetable,0.59
272,2023-02-27 00:00:00, Sweet Potato Gold  Each,Vegetable,2.21
273,2023-02-27 00:00:00,Woolworths Qukes Baby Cucumbers Punnet 250G,Vegetable,3.0
274,2023-02-27 00:00:00,Woolworths Cos Hearts Lettuce  2 Pack,Vegetable,3.5
275,2023-02-27 00:00:00,Woolworths Broccolini Bunch  Each,Vegetable,3.5
276,2023-02-27 00:00:00,Woolworths Snow Peas Fresh  250G Bag,Vegetable,7.9
277,2023-02-27 00:00:00, Ginger Fresh  Per Kg,Vegetable,29.0
278,2023-02-27 00:00:00, Cabbage Chinese Wombok  Whole Each,Vegetable,5.9
279,2023-02-27 00:00:00,Woolworths Garlic Head  Each,Vegetable,1.45
280,2023-02-27 00:00:00, Beans Round  Per Kg,Vegetable,4.9
281,2023-02-27 00:00:00, Corn Sweet  Each,Vegetable,0.9
282,2023-02-27 00:00:00,Woolworths Asparagus Green Bunch Each,Vegetable,3.9
283,2023-02-27 00:00:00, Brown Mushrooms Loose  Per Kg,Vegetable,12.9
284,2023-02-27 00:00:00,Woolworths Cook Butterflied Lamb Leg With Garlic & Herbs 750G - 1.4Kg,Meat,33.6
285,2023-02-27 00:00:00, Pork Belly  600G - 1.3Kg,Meat,24.7
286,2023-02-27 00:00:00,Woolworths Beef Mince 500G,Meat,7.0
287,2023-02-27 00:00:00, Chicken Thigh Fillet Per Kg,Meat,13.5
288,2023-02-27 00:00:00,Woolworths Beef Rump Steak Medium  270G - 750G,Meat,19.6
289,2023-02-27 00:00:00,A2 Full Cream Milk 2L,Fridge,6.6
290,2023-02-27 00:00:00,Vitasoy Oat Milk 1L,Fridge,3.3
291,2023-02-27 00:00:00,Nudie Nothing But Oranges With Pulp 2L,Fridge,6.0
292,2023-02-27 00:00:00,Flora Proactiv Cholesterol Lowering Margarine Spread Light 500G,Fridge,10.0
293,2023-02-27 00:00:00,Essentials Unsalted Butter  250G,Fridge,3.7
294,2023-02-27 00:00:00,Woolworths Thickened Cream  300mL,Fridge,2.6
295,2023-02-27 00:00:00,Farmers Union Natural Greek Style Yogurt  500G,Fridge,0.0
296,2023-02-27 00:00:00,Vaalia Probiotic Yoghurt Passionfruit Yoghurt 150gx 4 Pack,Fridge,5.3
297,2023-02-27 00:00:00,Bega Tasty Cheese Slices 500G,Fridge,10.5
298,2023-02-27 00:00:00,Pauls Custard Vanilla Custard 1kg,Fridge,5.4
299,2023-02-27 00:00:00,Spam Ham Low Salt 340G,Pantry,6.3
300,2023-02-27 00:00:00,Campbell's Real Stock Chicken Salt Reduced Liquid Stock 1l,Pantry,4.5
301,2023-02-27 00:00:00,Essentials Plain Flour  2Kg,Pantry,2.2
302,2023-02-27 00:00:00,Essentials White Sugar  2Kg,Pantry,2.2
303,2023-02-27 00:00:00,Csr Brown Sugar  1Kg,Pantry,3.8
304,2023-02-27 00:00:00,Csr Icing Sugar Soft Mixture 1Kg,Pantry,3.85
305,2023-02-27 00:00:00,Cadbury Baking Milk Chocolate Chips 200G,Pantry,3.5
306,2023-02-27 00:00:00,Cadbury Baking Chocolate Chips White 200G,Pantry,3.5
307,2023-02-27 00:00:00,Cadbury Baking Dark Chocolate Block  180G,Pantry,3.5
308,2023-02-27 00:00:00,Cadbury Baking Milk Chocolate Block  180G,Pantry,3.5
309,2023-02-27 00:00:00,Queen Fairtrade Vanilla Extract With Seeds 50mL,Pantry,8.0
310,2023-02-27 00:00:00,Essentials Self Raising Flour  2Kg,Pantry,2.2
311,2023-02-27 00:00:00,Rose's Strawberry Jam Conserve Conserve 500G,Pantry,4.5
312,2023-02-27 00:00:00,Bega Peanut Butter Crunchy 780G,Pantry,7.5
313,2023-02-27 00:00:00,Vegemite Spread  560G,Pantry,9.0
314,2023-02-27 00:00:00,Kellogg's Crunchy Nut Corn Flakes Breakfast Cereal 640g,Pantry,9.5
315,2023-02-27 00:00:00,Kellogg's Nutri Grain Protein Breakfast Cereal 765g,Pantry,10.0
316,2023-02-27 00:00:00,Nestle Milo Choc-malt 1Kg,Pantry,11.5
317,2023-02-27 00:00:00,Twinings English Breakfast Extra Strong Tea Bags 80 Pack,Pantry,13.5
318,2023-02-27 00:00:00,Capilano 100% Pure Australian Honey Squeeze 500g,Pantry,8.6
319,2023-02-27 00:00:00,Tip Top The One White Sandwich Slice Bread Loaf 700g,Pantry,3.9
320,2023-02-27 00:00:00,Tip Top Raisin Fruit Bread Loaf Toast 520G,Pantry,4.0
321,2023-02-27 00:00:00,Woolworths Bread Rolls Extra Soft Lunch 6 Pack,Pantry,2.5
322,2023-02-27 00:00:00,Menissez Bake At Home White Dinner Rolls 6 Pack,Pantry,2.6
323,2023-02-27 00:00:00,Woolworths Frozen Blueberries  500G,Frozen,6.2
324,2023-02-27 00:00:00,Woolworths Frozen Mixed Berries  500G,Frozen,6.2
325,2023-02-27 00:00:00,Woolworths Australian Baby Peas  1Kg,Frozen,5.0
326,2023-02-27 00:00:00,Sara Lee Deep Dish Pie With Apple Crumble Top 800G,Frozen,9.5
327,2023-02-27 00:00:00,Weis Ice Cream Mango & Cream 4 Pack,Frozen,6.0
328,2023-02-27 00:00:00,"Bulla Splits Multipack Raspberry, Mango & Lemon Lime 10 Pack",Frozen,8.0
329,2023-02-27 00:00:00,Streets Blue Ribbon Ice Cream Vanilla 2L,Frozen,5.75
330,2023-02-27 00:00:00,Connoisseur Ice Cream Vanilla Caramel Brownie 1L,Frozen,12.0
331,2023-02-27 00:00:00,Bulla Creamy Classics Cones Vanilla Fudge 4 Pack,Frozen,9.0
332,2023-03-06 00:00:00, Fresh Strawberry  250G,Fruit,3.9
333,2023-03-06 00:00:00, White Seedless Grapes Bunch Each,Fruit,5.23
334,2023-03-06 00:00:00, Fresh Blueberries  125G,Fruit,5.0
335,2023-03-06 00:00:00,Driscoll's Fresh Raspberry  125G,Fruit,4.0
336,2023-03-06 00:00:00, Cavendish Bananas  Each,Fruit,0.72
337,2023-03-06 00:00:00,Woolworths Red Watermelon Cut Quarter Each,Fruit,5.5
338,2023-03-06 00:00:00, Lime Fresh  Each,Fruit,1.34
339,2023-03-06 00:00:00, Lemon Fresh  Each,Fruit,1.56
340,2023-03-06 00:00:00,Woolworths Fresh Granny Smith Apples Punnet 1Kg,Fruit,4.9
341,2023-03-06 00:00:00,Jazz Apple  Each,Fruit,1.21
342,2023-03-06 00:00:00, Orange Navel  Each,Fruit,1.78
343,2023-03-06 00:00:00, Lychee Fresh  Per Kg,Fruit,18.9
344,2023-03-06 00:00:00,Woolworths Baby Spinach Spinach 280g,Vegetable,5.0
345,2023-03-06 00:00:00,Woolworths Baby Leaf Rocket  120g,Vegetable,3.3
346,2023-03-06 00:00:00,Woolworths Cherry Tomatoes  250G,Vegetable,2.5
347,2023-03-06 00:00:00, Spring Onion Eschallot Bunch,Vegetable,2.8
348,2023-03-06 00:00:00, Hass Avocado  Each,Vegetable,3.0
349,2023-03-06 00:00:00,Woolworths Australian Grown Carrots 1Kg,Vegetable,2.4
350,2023-03-06 00:00:00, Fresh Broccoli  Each,Vegetable,1.29
351,2023-03-06 00:00:00,Select Continental Cucumbers  Each,Vegetable,3.5
352,2023-03-06 00:00:00, Potato White Washed  Each,Vegetable,0.81
353,2023-03-06 00:00:00, Onion Red  Each,Vegetable,0.66
354,2023-03-06 00:00:00, Onion Brown  Each,Vegetable,0.56
355,2023-03-06 00:00:00, Sweet Potato Gold  Each,Vegetable,2.03
356,2023-03-06 00:00:00,Woolworths Qukes Baby Cucumbers Punnet 250G,Vegetable,4.5
357,2023-03-06 00:00:00,Woolworths Cos Hearts Lettuce  2 Pack,Vegetable,2.9
358,2023-03-06 00:00:00,Woolworths Broccolini Bunch  Each,Vegetable,2.9
359,2023-03-06 00:00:00,Woolworths Snow Peas Fresh  250G Bag,Vegetable,7.9
360,2023-03-06 00:00:00, Ginger Fresh  Per Kg,Vegetable,29.0
361,2023-03-06 00:00:00, Cabbage Chinese Wombok  Whole Each,Vegetable,4.9
362,2023-03-06 00:00:00,Woolworths Garlic Head  Each,Vegetable,1.45
363,2023-03-06 00:00:00, Beans Round  Per Kg,Vegetable,4.9
364,2023-03-06 00:00:00, Corn Sweet  Each,Vegetable,0.9
365,2023-03-06 00:00:00,Woolworths Asparagus Green Bunch Each,Vegetable,3.9
366,2023-03-06 00:00:00, Brown Mushrooms Loose  Per Kg,Vegetable,12.9
367,2023-03-06 00:00:00,Woolworths Cook Butterflied Lamb Leg With Garlic & Herbs 750G - 1.4Kg,Meat,33.6
368,2023-03-06 00:00:00, Pork Belly  600G - 1.3Kg,Meat,24.7
369,2023-03-06 00:00:00,Woolworths Beef Mince 500G,Meat,7.0
370,2023-03-06 00:00:00, Chicken Thigh Fillet Per Kg,Meat,13.5
371,2023-03-06 00:00:00,Woolworths Beef Rump Steak Medium  270G - 750G,Meat,19.6
372,2023-03-06 00:00:00,A2 Full Cream Milk 2L,Fridge,6.6
373,2023-03-06 00:00:00,Vitasoy Oat Milk 1L,Fridge,3.3
374,2023-03-06 00:00:00,Nudie Nothing But Oranges With Pulp 2L,Fridge,8.0
375,2023-03-06 00:00:00,Flora Proactiv Cholesterol Lowering Margarine Spread Light 500G,Fridge,8.0
376,2023-03-06 00:00:00,Essentials Unsalted Butter  250G,Fridge,3.7
377,2023-03-06 00:00:00,Woolworths Thickened Cream  300mL,Fridge,2.8
378,2023-03-06 00:00:00,Farmers Union Natural Greek Style Yogurt  500G,Fridge,0.0
379,2023-03-06 00:00:00,Vaalia Probiotic Yoghurt Passionfruit Yoghurt 150gx 4 Pack,Fridge,5.3
380,2023-03-06 00:00:00,Bega Tasty Cheese Slices 500G,Fridge,10.5
381,2023-03-06 00:00:00,Pauls Custard Vanilla Custard 1kg,Fridge,5.4
382,2023-03-06 00:00:00,Spam Ham Low Salt 340G,Pantry,6.3
383,2023-03-06 00:00:00,Campbell's Real Stock Chicken Salt Reduced Liquid Stock 1l,Pantry,4.5
384,2023-03-06 00:00:00,Essentials Plain Flour  2Kg,Pantry,2.2
385,2023-03-06 00:00:00,Essentials White Sugar  2Kg,Pantry,2.2
386,2023-03-06 00:00:00,Csr Brown Sugar  1Kg,Pantry,3.8
387,2023-03-06 00:00:00,Csr Icing Sugar Soft Mixture 1Kg,Pantry,3.85
388,2023-03-06 00:00:00,Cadbury Baking Milk Chocolate Chips 200G,Pantry,4.5
389,2023-03-06 00:00:00,Cadbury Baking White Chocolate Chips 200g,Pantry,4.5
390,2023-03-06 00:00:00,Cadbury Baking Dark Chocolate Block  180G,Pantry,4.5
391,2023-03-06 00:00:00,Cadbury Baking Milk Chocolate Block  180G,Pantry,4.5
392,2023-03-06 00:00:00,Queen Fairtrade Vanilla Extract With Seeds 50mL,Pantry,8.0
393,2023-03-06 00:00:00,Essentials Self Raising Flour  2Kg,Pantry,2.2
394,2023-03-06 00:00:00,Rose's Strawberry Jam Conserve Conserve 500G,Pantry,4.5
395,2023-03-06 00:00:00,Bega Peanut Butter Crunchy 780G,Pantry,7.5
396,2023-03-06 00:00:00,Vegemite Spread  560G,Pantry,9.0
397,2023-03-06 00:00:00,Kellogg's Crunchy Nut Corn Flakes Breakfast Cereal 640g,Pantry,7.0
398,2023-03-06 00:00:00,Kellogg's Nutri Grain Protein Breakfast Cereal 765g,Pantry,7.0
399,2023-03-06 00:00:00,Nestle Milo Choc-malt 1Kg,Pantry,14.5
400,2023-03-06 00:00:00,Twinings English Breakfast Extra Strong Tea Bags 80 Pack,Pantry,9.5
401,2023-03-06 00:00:00,Capilano 100% Pure Australian Honey Squeeze 500g,Pantry,6.8
402,2023-03-06 00:00:00,Tip Top The One White Sandwich Slice Bread Loaf 700g,Pantry,3.9
403,2023-03-06 00:00:00,Tip Top Raisin Fruit Bread Loaf Toast 520G,Pantry,4.7
404,2023-03-06 00:00:00,Woolworths Bread Rolls Extra Soft Lunch 6 Pack,Pantry,2.5
405,2023-03-06 00:00:00,Menissez Bake At Home White Dinner Rolls 6 Pack,Pantry,2.6
406,2023-03-06 00:00:00,Woolworths Frozen Blueberries  500G,Frozen,6.2
407,2023-03-06 00:00:00,Woolworths Frozen Mixed Berries  500G,Frozen,6.2
408,2023-03-06 00:00:00,Woolworths Australian Baby Peas  1Kg,Frozen,5.0
409,2023-03-06 00:00:00,Sara Lee Deep Dish Pie With Apple Crumble Top 800G,Frozen,9.5
410,2023-03-06 00:00:00,Weis Ice Cream Mango & Cream 4 Pack,Frozen,8.5
411,2023-03-06 00:00:00,"Bulla Splits Multipack Raspberry, Mango & Lemon Lime 10 Pack",Frozen,4.0
412,2023-03-06 00:00:00,Streets Blue Ribbon Ice Cream Vanilla 2L,Frozen,5.75
413,2023-03-06 00:00:00,Connoisseur Ice Cream Vanilla Caramel Brownie 1L,Frozen,9.0
414,2023-03-06 00:00:00,Bulla Creamy Classics Cones Vanilla Fudge 4 Pack,Frozen,4.5
415,2023-03-13 00:00:00, Fresh Strawberry  250G,Fruit,3.5
416,2023-03-13 00:00:00, White Seedless Grapes Bunch Each,Fruit,4.28
417,2023-03-13 00:00:00, Fresh Blueberries Punnet 125g,Fruit,5.0
418,2023-03-13 00:00:00,Driscoll's Fresh Raspberry  125G,Fruit,4.5
419,2023-03-13 00:00:00, Cavendish Bananas  Each,Fruit,0.72
420,2023-03-13 00:00:00,Woolworths Red Watermelon Cut Quarter Each,Fruit,6.38
421,2023-03-13 00:00:00, Lime Fresh  Each,Fruit,1.34
422,2023-03-13 00:00:00, Lemon Fresh  Each,Fruit,1.31
423,2023-03-13 00:00:00,Woolworths Fresh Granny Smith Apples Punnet 1Kg,Fruit,4.9
424,2023-03-13 00:00:00,Jazz Apple  Each,Fruit,1.31
425,2023-03-13 00:00:00, Orange Navel  Each,Fruit,1.78
426,2023-03-13 00:00:00, Lychee Fresh  Per Kg,Fruit,18.9
427,2023-03-13 00:00:00,Woolworths Baby Spinach Spinach 280g,Vegetable,5.0
428,2023-03-13 00:00:00,Woolworths Baby Leaf Rocket  120g,Vegetable,3.3
429,2023-03-13 00:00:00,Woolworths Cherry Tomatoes Punnet 250g,Vegetable,3.0
430,2023-03-13 00:00:00, Spring Onion Eschallot Bunch,Vegetable,2.8
431,2023-03-13 00:00:00, Hass Avocado  Each,Vegetable,3.0
432,2023-03-13 00:00:00,Woolworths Australian Grown Carrots 1Kg,Vegetable,2.4
433,2023-03-13 00:00:00, Fresh Broccoli  Each,Vegetable,1.49
434,2023-03-13 00:00:00,Select Continental Cucumbers  Each,Vegetable,2.5
435,2023-03-13 00:00:00, Potato White Washed  Each,Vegetable,0.81
436,2023-03-13 00:00:00, Onion Red  Each,Vegetable,0.66
437,2023-03-13 00:00:00, Onion Brown  Each,Vegetable,0.56
438,2023-03-13 00:00:00, Sweet Potato Gold  Each,Vegetable,2.03
439,2023-03-13 00:00:00,Woolworths Qukes Baby Cucumbers Punnet 250G,Vegetable,3.0
440,2023-03-13 00:00:00,Woolworths Cos Hearts Lettuce  2 Pack,Vegetable,3.5
441,2023-03-13 00:00:00,Woolworths Broccolini Bunch  Each,Vegetable,3.5
442,2023-03-13 00:00:00,Woolworths Snow Peas Fresh  250G Bag,Vegetable,4.9
443,2023-03-13 00:00:00, Ginger Fresh  Per Kg,Vegetable,29.0
444,2023-03-13 00:00:00, Cabbage Chinese Wombok  Whole Each,Vegetable,5.9
445,2023-03-13 00:00:00,Woolworths Garlic Head  Each,Vegetable,1.45
446,2023-03-13 00:00:00, Beans Round  Per Kg,Vegetable,5.9
447,2023-03-13 00:00:00, Corn Sweet  Each,Vegetable,1.2
448,2023-03-13 00:00:00,Woolworths Asparagus Green Bunch Each,Vegetable,2.9
449,2023-03-13 00:00:00, Brown Mushrooms Loose  Per Kg,Vegetable,12.9
450,2023-03-13 00:00:00,Woolworths Cook Butterflied Lamb Leg With Garlic & Herbs 750g - 1.4kg,Meat,33.6
451,2023-03-13 00:00:00, Pork Belly  600G - 1.3Kg,Meat,24.7
452,2023-03-13 00:00:00,Woolworths Beef Mince 500G,Meat,7.0
453,2023-03-13 00:00:00, Chicken Thigh Fillet Per Kg,Meat,13.5
454,2023-03-13 00:00:00,Woolworths Beef Rump Steak Medium  270G - 750G,Meat,19.6
455,2023-03-13 00:00:00,A2 Full Cream Milk 2L,Fridge,6.6
456,2023-03-13 00:00:00,Vitasoy Oat Milk 1L,Fridge,3.3
457,2023-03-13 00:00:00,Nudie Nothing But Oranges With Pulp 2L,Fridge,8.0
458,2023-03-13 00:00:00,Flora Proactiv Cholesterol Lowering Margarine Spread Light 500G,Fridge,10.0
459,2023-03-13 00:00:00,Essentials Unsalted Butter  250G,Fridge,3.7
460,2023-03-13 00:00:00,Woolworths Thickened Cream  300mL,Fridge,2.8
461,2023-03-13 00:00:00,Farmers Union Natural Greek Style Yogurt  500G,Fridge,0.0
462,2023-03-13 00:00:00,Vaalia Probiotic Yoghurt Passionfruit Yoghurt 150gx 4 Pack,Fridge,4.3
463,2023-03-13 00:00:00,Bega Tasty Cheese Slices 500G,Fridge,10.5
464,2023-03-13 00:00:00,Pauls Custard Vanilla Custard 1kg,Fridge,5.4
465,2023-03-13 00:00:00,Spam Ham Low Salt 340G,Pantry,5.0
466,2023-03-13 00:00:00,Campbell's Real Stock Chicken Salt Reduced Liquid Stock 1l,Pantry,4.5
467,2023-03-13 00:00:00,Essentials Plain Flour  2Kg,Pantry,2.2
468,2023-03-13 00:00:00,Essentials White Sugar  2Kg,Pantry,2.2
469,2023-03-13 00:00:00,Csr Brown Sugar  1Kg,Pantry,3.0
470,2023-03-13 00:00:00,Csr Icing Sugar Soft Mixture 1Kg,Pantry,3.85
471,2023-03-13 00:00:00,Cadbury Baking Milk Chocolate Chips 200G,Pantry,4.5
472,2023-03-13 00:00:00,Cadbury Baking White Chocolate Chips 200g,Pantry,4.5
473,2023-03-13 00:00:00,Cadbury Baking Dark Chocolate Block  180G,Pantry,4.5
474,2023-03-13 00:00:00,Cadbury Baking Milk Chocolate Block  180G,Pantry,4.5
475,2023-03-13 00:00:00,Queen Fairtrade Vanilla Extract With Seeds 50mL,Pantry,8.0
476,2023-03-13 00:00:00,Essentials Self Raising Flour  2Kg,Pantry,2.2
477,2023-03-13 00:00:00,Rose's Strawberry Jam Conserve Conserve 500G,Pantry,4.5
478,2023-03-13 00:00:00,Bega Peanut Butter Crunchy 780G,Pantry,7.5
479,2023-03-13 00:00:00,Vegemite Spread  560G,Pantry,9.0
480,2023-03-13 00:00:00,Kellogg's Crunchy Nut Corn Flakes Breakfast Cereal 640g,Pantry,7.0
481,2023-03-13 00:00:00,Kellogg's Nutri Grain Protein Breakfast Cereal 765g,Pantry,7.0
482,2023-03-13 00:00:00,Nestle Milo Choc-malt 1Kg,Pantry,14.5
483,2023-03-13 00:00:00,Twinings English Breakfast Extra Strong Tea Bags 80 Pack,Pantry,13.5
484,2023-03-13 00:00:00,Capilano 100% Pure Australian Honey Squeeze 500g,Pantry,8.6
485,2023-03-13 00:00:00,Tip Top The One White Sandwich Slice Bread Loaf 700g,Pantry,3.9
486,2023-03-13 00:00:00,Tip Top Raisin Fruit Bread Loaf Toast 520G,Pantry,4.7
487,2023-03-13 00:00:00,Woolworths Bread Rolls Extra Soft Lunch 6 Pack,Pantry,2.5
488,2023-03-13 00:00:00,Menissez Bake At Home White Dinner Rolls 6 Pack,Pantry,2.6
489,2023-03-13 00:00:00,Woolworths Frozen Blueberries  500G,Frozen,6.2
490,2023-03-13 00:00:00,Woolworths Frozen Mixed Berries  500G,Frozen,6.2
491,2023-03-13 00:00:00,Woolworths Australian Baby Peas  1Kg,Frozen,5.0
492,2023-03-13 00:00:00,Sara Lee Deep Dish Pie With Apple Crumble Top 800G,Frozen,7.5
493,2023-03-13 00:00:00,Weis Ice Cream & Fruit Bar Mango & Cream 70ml x 4 pack,Frozen,9.5
494,2023-03-13 00:00:00,"Bulla Splits Multipack Raspberry, Mango & Lemon Lime 10 Pack",Frozen,8.0
495,2023-03-13 00:00:00,Blue Ribbon Streets Reduced Fat Ice Cream Classic Vanilla Dessert Tub 2L,Frozen,7.0
496,2023-03-13 00:00:00,Connoisseur Ice Cream Vanilla Caramel Brownie 1L,Frozen,12.0
497,2023-03-13 00:00:00,Bulla Creamy Classics Cones Vanilla Fudge 4 Pack,Frozen,9.0
498,2023-03-20 00:00:00, Fresh Strawberry  250G,Fruit,3.9
499,2023-03-20 00:00:00, White Seedless Grapes Bunch Each,Fruit,3.8
500,2023-03-20 00:00:00, Fresh Blueberries Punnet 125g,Fruit,5.5
501,2023-03-20 00:00:00,Driscoll's Fresh Raspberry  125G,Fruit,4.0
502,2023-03-20 00:00:00, Cavendish Bananas  Each,Fruit,0.72
503,2023-03-20 00:00:00,Woolworths Red Watermelon Cut Quarter Each,Fruit,5.5
504,2023-03-20 00:00:00, Lime Fresh  Each,Fruit,1.34
505,2023-03-20 00:00:00, Lemon Fresh  Each,Fruit,1.56
506,2023-03-20 00:00:00,Woolworths Fresh Granny Smith Apples Punnet 1Kg,Fruit,4.9
507,2023-03-20 00:00:00,Jazz Apple  Each,Fruit,1.31
508,2023-03-20 00:00:00, Orange Navel  Each,Fruit,0.0
509,2023-03-20 00:00:00, Lychee Fresh  Per Kg,Fruit,0.0
510,2023-03-20 00:00:00,Woolworths Baby Spinach Spinach 280g,Vegetable,5.0
511,2023-03-20 00:00:00,Woolworths Baby Leaf Rocket  120g,Vegetable,3.3
512,2023-03-20 00:00:00,Woolworths Cherry Tomatoes Punnet 250g,Vegetable,2.5
513,2023-03-20 00:00:00, Spring Onion Eschallot Bunch,Vegetable,2.8
514,2023-03-20 00:00:00, Hass Avocado  Each,Vegetable,0.0
515,2023-03-20 00:00:00,Woolworths Australian Grown Carrots 1Kg,Vegetable,1.2
516,2023-03-20 00:00:00, Fresh Broccoli  Each,Vegetable,1.49
517,2023-03-20 00:00:00,Select Continental Cucumbers  Each,Vegetable,1.9
518,2023-03-20 00:00:00, Potato White Washed  Each,Vegetable,0.81
519,2023-03-20 00:00:00, Onion Red  Each,Vegetable,0.66
520,2023-03-20 00:00:00, Onion Brown  Each,Vegetable,0.56
521,2023-03-20 00:00:00, Sweet Potato Gold  Each,Vegetable,1.58
522,2023-03-20 00:00:00,Woolworths Qukes Baby Cucumbers Punnet 250G,Vegetable,3.9
523,2023-03-20 00:00:00,Woolworths Cos Hearts Lettuce  2 Pack,Vegetable,2.5
524,2023-03-20 00:00:00,Woolworths Broccolini Bunch  Each,Vegetable,2.0
525,2023-03-20 00:00:00,Woolworths Snow Peas Fresh  250G Bag,Vegetable,4.9
526,2023-03-20 00:00:00, Ginger Fresh  Per Kg,Vegetable,29.0
527,2023-03-20 00:00:00, Cabbage Chinese Wombok  Whole Each,Vegetable,4.5
528,2023-03-20 00:00:00,Woolworths Garlic Head  Each,Vegetable,1.45
529,2023-03-20 00:00:00, Beans Round  Per Kg,Vegetable,5.9
530,2023-03-20 00:00:00, Corn Sweet  Each,Vegetable,1.2
531,2023-03-20 00:00:00,Woolworths Asparagus Green Bunch Each,Vegetable,3.9
532,2023-03-20 00:00:00, Brown Mushrooms Loose  Per Kg,Vegetable,0.0
533,2023-03-20 00:00:00,Woolworths Cook Butterflied Lamb Leg With Garlic & Herbs 750g - 1.4kg,Meat,33.6
534,2023-03-20 00:00:00, Pork Belly  600G - 1.3Kg,Meat,24.7
535,2023-03-20 00:00:00,Woolworths Beef Mince 500G,Meat,7.0
536,2023-03-20 00:00:00, Chicken Thigh Fillet Per Kg,Meat,0.0
537,2023-03-20 00:00:00,Woolworths Beef Rump Steak Medium  270G - 750G,Meat,19.6
538,2023-03-20 00:00:00,A2 Full Cream Milk 2L,Fridge,6.6
539,2023-03-20 00:00:00,Vitasoy Oat Milk 1L,Fridge,3.3
540,2023-03-20 00:00:00,Nudie Nothing But Oranges With Pulp 2L,Fridge,6.8
541,2023-03-20 00:00:00,Flora Proactiv Cholesterol Lowering Margarine Spread Light 500G,Fridge,7.5
542,2023-03-20 00:00:00,Essentials Unsalted Butter  250G,Fridge,3.7
543,2023-03-20 00:00:00,Woolworths Thickened Cream  300mL,Fridge,2.8
544,2023-03-20 00:00:00,Farmers Union Natural Greek Style Yogurt  500G,Fridge,0.0
545,2023-03-20 00:00:00,Vaalia Probiotic Yoghurt Passionfruit Yoghurt 150gx 4 Pack,Fridge,5.3
546,2023-03-20 00:00:00,Bega Tasty Cheese Slices 500G,Fridge,10.5
547,2023-03-20 00:00:00,Pauls Custard Vanilla Custard 1kg,Fridge,4.9
548,2023-03-20 00:00:00,Spam Ham Low Salt 340G,Pantry,3.8
549,2023-03-20 00:00:00,Campbell's Real Stock Chicken Salt Reduced Liquid Stock 1l,Pantry,3.5
550,2023-03-20 00:00:00,Essentials Plain Flour  2Kg,Pantry,0.0
551,2023-03-20 00:00:00,Essentials White Sugar  2Kg,Pantry,2.2
552,2023-03-20 00:00:00,Csr Brown Sugar  1Kg,Pantry,3.8
553,2023-03-20 00:00:00,Csr Icing Sugar Soft Mixture 1Kg,Pantry,3.85
554,2023-03-20 00:00:00,Cadbury Baking Milk Chocolate Chips 200G,Pantry,2.7
555,2023-03-20 00:00:00,Cadbury Baking White Chocolate Chips 200g,Pantry,2.7
556,2023-03-20 00:00:00,Cadbury Baking Dark Chocolate Block  180G,Pantry,2.7
557,2023-03-20 00:00:00,Cadbury Baking Milk Chocolate Block  180G,Pantry,2.7
558,2023-03-20 00:00:00,Queen Fairtrade Vanilla Extract With Seeds 50mL,Pantry,8.0
559,2023-03-20 00:00:00,Essentials Self Raising Flour  2Kg,Pantry,0.0
560,2023-03-20 00:00:00,Rose's Strawberry Jam Conserve Conserve 500G,Pantry,4.5
561,2023-03-20 00:00:00,Bega Peanut Butter Crunchy 780G,Pantry,7.5
562,2023-03-20 00:00:00,Vegemite Spread  560G,Pantry,9.0
563,2023-03-20 00:00:00,Kelloggs Crunchy Nut Corn Flakes Breakfast Cereal 640g,Pantry,9.5
564,2023-03-20 00:00:00,Kelloggs Nutri Grain Protein Breakfast Cereal 765g,Pantry,10.0
565,2023-03-20 00:00:00,Nestle Milo Choc-malt 1Kg,Pantry,14.5
566,2023-03-20 00:00:00,Twinings English Breakfast Extra Strong Tea Bags 80 Pack,Pantry,6.75
567,2023-03-20 00:00:00,Capilano 100% Pure Australian Honey Squeeze 500g,Pantry,8.6
568,2023-03-20 00:00:00,Tip Top The One White Sandwich Slice Bread Loaf 700g,Pantry,3.9
569,2023-03-20 00:00:00,Tip Top Raisin Fruit Bread Loaf Toast 520G,Pantry,5.2
570,2023-03-20 00:00:00,Woolworths Bread Rolls Extra Soft Lunch 6 Pack,Pantry,2.5
571,2023-03-20 00:00:00,Menissez Bake At Home White Dinner Rolls 6 Pack,Pantry,2.6
572,2023-03-20 00:00:00,Woolworths Frozen Blueberries  500G,Frozen,6.2
573,2023-03-20 00:00:00,Woolworths Frozen Mixed Berries  500G,Frozen,6.2
574,2023-03-20 00:00:00,Woolworths Australian Baby Peas  1Kg,Frozen,5.0
575,2023-03-20 00:00:00,Sara Lee Deep Dish Pie With Apple Crumble Top 800G,Frozen,9.5
576,2023-03-20 00:00:00,Weis Ice Cream & Fruit Bar Mango & Cream 70ml x 4 pack,Frozen,9.5
577,2023-03-20 00:00:00,"Bulla Splits Multipack Raspberry, Mango & Lemon Lime 10 Pack",Frozen,6.0
578,2023-03-20 00:00:00,Blue Ribbon Streets Reduced Fat Ice Cream Classic Vanilla Dessert Tub 2L,Frozen,7.0
579,2023-03-20 00:00:00,Connoisseur Ice Cream Vanilla Caramel Brownie 1L,Frozen,9.0
580,2023-03-20 00:00:00,Bulla Creamy Classics Cones Vanilla Fudge 4 Pack,Frozen,7.0
581,2023-03-27 00:00:00, Fresh Strawberry  250G,Fruit,3.5
582,2023-03-27 00:00:00, White Seedless Grapes Bunch Each,Fruit,4.28
583,2023-03-27 00:00:00, Fresh Blueberries Punnet 125g,Fruit,5.5
584,2023-03-27 00:00:00,Driscoll's Fresh Raspberry  125G,Fruit,4.9
585,2023-03-27 00:00:00, Cavendish Bananas  Each,Fruit,0.72
586,2023-03-27 00:00:00,Woolworths Red Watermelon Cut Quarter Each,Fruit,6.38
587,2023-03-27 00:00:00, Lime Fresh  Each,Fruit,1.34
588,2023-03-27 00:00:00, Lemon Fresh  Each,Fruit,1.56
589,2023-03-27 00:00:00,Woolworths Fresh Granny Smith Apples Punnet 1Kg,Fruit,4.9
590,2023-03-27 00:00:00,Jazz Apple  Each,Fruit,1.31
591,2023-03-27 00:00:00, Orange Navel  Each,Fruit,0.0
592,2023-03-27 00:00:00, Lychee Fresh  Per Kg,Fruit,0.0
593,2023-03-27 00:00:00,Woolworths Baby Spinach Spinach 280g,Vegetable,5.0
594,2023-03-27 00:00:00,Woolworths Baby Leaf Rocket  120g,Vegetable,3.3
595,2023-03-27 00:00:00,Woolworths Cherry Tomatoes Punnet 250g,Vegetable,3.5
596,2023-03-27 00:00:00, Spring Onion Eschallot Bunch,Vegetable,2.8
597,2023-03-27 00:00:00, Hass Avocado  Each,Vegetable,0.0
598,2023-03-27 00:00:00,Woolworths Australian Grown Carrots 1Kg,Vegetable,2.4
599,2023-03-27 00:00:00, Fresh Broccoli  Each,Vegetable,1.29
600,2023-03-27 00:00:00,Select Continental Cucumbers  Each,Vegetable,3.9
601,2023-03-27 00:00:00, Potato White Washed  Each,Vegetable,0.81
602,2023-03-27 00:00:00, Onion Red  Each,Vegetable,0.66
603,2023-03-27 00:00:00, Onion Brown  Each,Vegetable,0.56
604,2023-03-27 00:00:00, Sweet Potato Gold  Each,Vegetable,2.03
605,2023-03-27 00:00:00,Woolworths Qukes Baby Cucumbers Punnet 250G,Vegetable,3.5
606,2023-03-27 00:00:00,Woolworths Cos Hearts Lettuce  2 Pack,Vegetable,3.5
607,2023-03-27 00:00:00,Woolworths Broccolini Bunch  Each,Vegetable,3.5
608,2023-03-27 00:00:00,Woolworths Snow Peas Fresh  250G Bag,Vegetable,3.9
609,2023-03-27 00:00:00, Ginger Fresh  Per Kg,Vegetable,29.0
610,2023-03-27 00:00:00, Cabbage Chinese Wombok  Whole Each,Vegetable,5.9
611,2023-03-27 00:00:00,Woolworths Garlic Head  Each,Vegetable,1.45
612,2023-03-27 00:00:00, Beans Round  Per Kg,Vegetable,5.9
613,2023-03-27 00:00:00, Corn Sweet  Each,Vegetable,0.8
614,2023-03-27 00:00:00,Woolworths Asparagus Green Bunch Each,Vegetable,3.9
615,2023-03-27 00:00:00, Brown Mushrooms Loose  Per Kg,Vegetable,0.0
616,2023-03-27 00:00:00,Woolworths Cook Butterflied Lamb Leg With Garlic & Herbs 750g - 1.4kg,Meat,33.6
617,2023-03-27 00:00:00, Pork Belly  600G - 1.3Kg,Meat,20.8
618,2023-03-27 00:00:00,Woolworths Beef Mince 500G,Meat,7.0
619,2023-03-27 00:00:00, Chicken Thigh Fillet Per Kg,Meat,0.0
620,2023-03-27 00:00:00,Woolworths Beef Rump Steak Medium  270G - 750G,Meat,19.6
621,2023-03-27 00:00:00,A2 Full Cream Milk 2L,Fridge,6.6
622,2023-03-27 00:00:00,Vitasoy Oat Milk 1L,Fridge,3.3
623,2023-03-27 00:00:00,Nudie Nothing But Oranges With Pulp 2L,Fridge,8.0
624,2023-03-27 00:00:00,Flora Proactiv Cholesterol Lowering Margarine Spread Light 500G,Fridge,10.0
625,2023-03-27 00:00:00,Essentials Unsalted Butter  250G,Fridge,3.7
626,2023-03-27 00:00:00,Woolworths Thickened Cream  300mL,Fridge,2.8
627,2023-03-27 00:00:00,Farmers Union Natural Greek Style Yogurt  500G,Fridge,0.0
628,2023-03-27 00:00:00,Vaalia Probiotic Yoghurt Passionfruit Yoghurt 150gx 4 Pack,Fridge,5.3
629,2023-03-27 00:00:00,Bega Tasty Cheese Slices 500G,Fridge,10.5
630,2023-03-27 00:00:00,Pauls Custard Vanilla Custard 1kg,Fridge,5.4
631,2023-03-27 00:00:00,Spam Ham Low Salt 340G,Pantry,6.3
632,2023-03-27 00:00:00,Campbell's Real Stock Chicken Salt Reduced Liquid Stock 1l,Pantry,4.5
633,2023-03-27 00:00:00,Essentials Plain Flour  2Kg,Pantry,0.0
634,2023-03-27 00:00:00,Essentials White Sugar  2Kg,Pantry,2.2
635,2023-03-27 00:00:00,Csr Brown Sugar  1Kg,Pantry,3.8
636,2023-03-27 00:00:00,Csr Icing Sugar Soft Mixture 1Kg,Pantry,3.85
637,2023-03-27 00:00:00,Cadbury Baking Milk Chocolate Chips 200G,Pantry,4.5
638,2023-03-27 00:00:00,Cadbury Baking White Chocolate Chips 200g,Pantry,4.5
639,2023-03-27 00:00:00,Cadbury Baking Dark Chocolate Block  180G,Pantry,4.5
640,2023-03-27 00:00:00,Cadbury Baking Milk Chocolate Block  180G,Pantry,4.5
641,2023-03-27 00:00:00,Queen Fairtrade Vanilla Extract With Seeds 50mL,Pantry,7.1
642,2023-03-27 00:00:00,Essentials Self Raising Flour  2Kg,Pantry,0.0
643,2023-03-27 00:00:00,Rose's Strawberry Jam Conserve Conserve 500G,Pantry,4.5
644,2023-03-27 00:00:00,Bega Peanut Butter Crunchy 780G,Pantry,7.5
645,2023-03-27 00:00:00,Vegemite Spread  560G,Pantry,9.0
646,2023-03-27 00:00:00,Kelloggs Crunchy Nut Corn Flakes Breakfast Cereal 640g,Pantry,9.5
647,2023-03-27 00:00:00,Kelloggs Nutri Grain Protein Breakfast Cereal 765g,Pantry,10.0
648,2023-03-27 00:00:00,Nestle Milo Choc-malt 1Kg,Pantry,11.5
649,2023-03-27 00:00:00,Twinings English Breakfast Extra Strong Tea Bags 80 Pack,Pantry,13.5
650,2023-03-27 00:00:00,Capilano 100% Pure Australian Honey Squeeze 500g,Pantry,8.6
651,2023-03-27 00:00:00,Tip Top The One White Sandwich Slice Bread Loaf 700g,Pantry,3.9
652,2023-03-27 00:00:00,Tip Top Raisin Fruit Bread Loaf Toast 520G,Pantry,5.2
653,2023-03-27 00:00:00,Woolworths Bread Rolls Extra Soft Lunch 6 Pack,Pantry,2.5
654,2023-03-27 00:00:00,Menissez Bake At Home White Dinner Rolls 6 Pack,Pantry,2.6
655,2023-03-27 00:00:00,Woolworths Frozen Blueberries  500G,Frozen,6.2
656,2023-03-27 00:00:00,Woolworths Frozen Mixed Berries  500G,Frozen,6.2
657,2023-03-27 00:00:00,Woolworths Australian Baby Peas  1Kg,Frozen,5.0
658,2023-03-27 00:00:00,Sara Lee Deep Dish Pie With Apple Crumble Top 800G,Frozen,9.5
659,2023-03-27 00:00:00,Weis Ice Cream & Fruit Bar Mango & Cream 70ml x 4 pack,Frozen,9.5
660,2023-03-27 00:00:00,"Bulla Splits Multipack Raspberry, Mango & Lemon Lime 10 Pack",Frozen,8.0
661,2023-03-27 00:00:00,Blue Ribbon Streets Reduced Fat Ice Cream Classic Vanilla Dessert Tub 2L,Frozen,7.0
662,2023-03-27 00:00:00,Connoisseur Ice Cream Vanilla Caramel Brownie 1L,Frozen,12.0
663,2023-03-27 00:00:00,Bulla Creamy Classics Cones Vanilla Fudge 4 Pack,Frozen,9.0
664,2023-04-03 00:00:00, Fresh Strawberry  250G,Fruit,3.5
665,2023-04-03 00:00:00, White Seedless Grapes Bunch Each,Fruit,4.28
666,2023-04-03 00:00:00, Fresh Blueberries Punnet 125g,Fruit,5.9
667,2023-04-03 00:00:00,Driscoll's Fresh Raspberry  125G,Fruit,4.0
668,2023-04-03 00:00:00, Cavendish Bananas  Each,Fruit,0.63
669,2023-04-03 00:00:00,Woolworths Red Watermelon Cut Quarter Each,Fruit,5.5
670,2023-04-03 00:00:00, Lime Fresh  Each,Fruit,1.34
671,2023-04-03 00:00:00, Lemon Fresh  Each,Fruit,1.38
672,2023-04-03 00:00:00,Woolworths Fresh Granny Smith Apples Punnet 1Kg,Fruit,4.9
673,2023-04-03 00:00:00,Jazz Apple  Each,Fruit,1.21
674,2023-04-03 00:00:00, Orange Navel  Each,Fruit,0.0
675,2023-04-03 00:00:00, Lychee Fresh  Per Kg,Fruit,0.0
676,2023-04-03 00:00:00,Woolworths Baby Spinach Spinach 280g,Vegetable,5.0
677,2023-04-03 00:00:00,Woolworths Baby Leaf Rocket  120g,Vegetable,3.3
678,2023-04-03 00:00:00,Woolworths Cherry Tomatoes Punnet 250g,Vegetable,2.5
679,2023-04-03 00:00:00, Spring Onion Eschallot Bunch,Vegetable,2.8
680,2023-04-03 00:00:00, Hass Avocado  Each,Vegetable,0.0
681,2023-04-03 00:00:00,Woolworths Australian Grown Carrots 1Kg,Vegetable,1.5
682,2023-04-03 00:00:00, Fresh Broccoli  Each,Vegetable,1.29
683,2023-04-03 00:00:00,Select Continental Cucumbers  Each,Vegetable,3.5
684,2023-04-03 00:00:00, Potato White Washed  Each,Vegetable,0.81
685,2023-04-03 00:00:00, Onion Red  Each,Vegetable,0.66
686,2023-04-03 00:00:00, Onion Brown  Each,Vegetable,0.56
687,2023-04-03 00:00:00, Sweet Potato Gold  Each,Vegetable,2.03
688,2023-04-03 00:00:00,Woolworths Qukes Baby Cucumbers Punnet 250G,Vegetable,3.5
689,2023-04-03 00:00:00,Woolworths Cos Hearts Lettuce  2 Pack,Vegetable,2.9
690,2023-04-03 00:00:00,Woolworths Broccolini Bunch  Each,Vegetable,2.0
691,2023-04-03 00:00:00,Woolworths Snow Peas Fresh  250G Bag,Vegetable,3.9
692,2023-04-03 00:00:00, Ginger Fresh  Per Kg,Vegetable,29.0
693,2023-04-03 00:00:00, Cabbage Chinese Wombok  Whole Each,Vegetable,4.5
694,2023-04-03 00:00:00,Woolworths Garlic Head  Each,Vegetable,1.45
695,2023-04-03 00:00:00, Beans Round  Per Kg,Vegetable,4.9
696,2023-04-03 00:00:00, Corn Sweet  Each,Vegetable,1.2
697,2023-04-03 00:00:00,Woolworths Asparagus Green Bunch Each,Vegetable,3.9
698,2023-04-03 00:00:00, Brown Mushrooms Loose  Per Kg,Vegetable,0.0
699,2023-04-03 00:00:00,Woolworths Cook Butterflied Lamb Leg With Garlic & Herbs 750g - 1.4kg,Meat,33.6
700,2023-04-03 00:00:00, Pork Belly  600G - 1.3Kg,Meat,24.7
701,2023-04-03 00:00:00,Woolworths Beef Mince 500G,Meat,7.0
702,2023-04-03 00:00:00, Chicken Thigh Fillet Per Kg,Meat,0.0
703,2023-04-03 00:00:00,Woolworths Beef Rump Steak Medium  270G - 750G,Meat,19.6
704,2023-04-03 00:00:00,A2 Full Cream Milk 2L,Fridge,6.6
705,2023-04-03 00:00:00,Vitasoy Oat Milk 1L,Fridge,3.3
706,2023-04-03 00:00:00,Nudie Nothing But Oranges With Pulp 2L,Fridge,8.0
707,2023-04-03 00:00:00,Flora Proactiv Cholesterol Lowering Margarine Spread Light 500G,Fridge,7.5
708,2023-04-03 00:00:00,Essentials Unsalted Butter  250G,Fridge,3.7
709,2023-04-03 00:00:00,Woolworths Thickened Cream  300mL,Fridge,2.8
710,2023-04-03 00:00:00,Farmers Union Natural Greek Style Yogurt  500G,Fridge,0.0
711,2023-04-03 00:00:00,Vaalia Probiotic Yoghurt Passionfruit Yoghurt 150gx 4 Pack,Fridge,5.3
712,2023-04-03 00:00:00,Bega Tasty Cheese Slices 500G,Fridge,10.5
713,2023-04-03 00:00:00,Pauls Custard Vanilla Custard 1kg,Fridge,5.4
714,2023-04-03 00:00:00,Spam Ham Low Salt 340G,Pantry,3.75
715,2023-04-03 00:00:00,Campbell's Real Stock Chicken Salt Reduced Liquid Stock 1l,Pantry,3.0
716,2023-04-03 00:00:00,Essentials Plain Flour  2Kg,Pantry,0.0
717,2023-04-03 00:00:00,Essentials White Sugar  2Kg,Pantry,2.2
718,2023-04-03 00:00:00,Csr Brown Sugar  1Kg,Pantry,3.8
719,2023-04-03 00:00:00,Csr Icing Sugar Soft Mixture 1Kg,Pantry,3.85
720,2023-04-03 00:00:00,Cadbury Baking Milk Chocolate Chips 200G,Pantry,2.7
721,2023-04-03 00:00:00,Cadbury Baking White Chocolate Chips 200g,Pantry,2.7
722,2023-04-03 00:00:00,Cadbury Baking Dark Chocolate Block  180G,Pantry,2.7
723,2023-04-03 00:00:00,Cadbury Baking Milk Chocolate Block  180G,Pantry,2.7
724,2023-04-03 00:00:00,Queen Fairtrade Vanilla Extract With Seeds 50mL,Pantry,8.0
725,2023-04-03 00:00:00,Essentials Self Raising Flour  2Kg,Pantry,0.0
726,2023-04-03 00:00:00,Rose's Strawberry Jam Conserve Conserve 500G,Pantry,4.5
727,2023-04-03 00:00:00,Bega Peanut Butter Crunchy 780G,Pantry,7.5
728,2023-04-03 00:00:00,Vegemite Spread  560G,Pantry,9.0
729,2023-04-03 00:00:00,Kelloggs Crunchy Nut Corn Flakes Breakfast Cereal 640g,Pantry,7.0
730,2023-04-03 00:00:00,Kelloggs Nutri Grain Protein Breakfast Cereal 765g,Pantry,7.0
731,2023-04-03 00:00:00,Nestle Milo Choc-malt 1Kg,Pantry,14.5
732,2023-04-03 00:00:00,Twinings English Breakfast Extra Strong Tea Bags 80 Pack,Pantry,6.75
733,2023-04-03 00:00:00,Capilano 100% Pure Australian Honey Squeeze 500g,Pantry,6.8
734,2023-04-03 00:00:00,Tip Top The One White Sandwich Slice Bread Loaf 700g,Pantry,3.9
735,2023-04-03 00:00:00,Tip Top Raisin Fruit Bread Loaf Toast 520G,Pantry,5.2
736,2023-04-03 00:00:00,Woolworths Bread Rolls Extra Soft Lunch 6 Pack,Pantry,2.5
737,2023-04-03 00:00:00,Menissez Bake At Home White Dinner Rolls 6 Pack,Pantry,2.6
738,2023-04-03 00:00:00,Woolworths Frozen Blueberries  500G,Frozen,6.2
739,2023-04-03 00:00:00,Woolworths Frozen Mixed Berries  500G,Frozen,6.2
740,2023-04-03 00:00:00,Woolworths Australian Baby Peas  1Kg,Frozen,5.0
741,2023-04-03 00:00:00,Sara Lee Deep Dish Pie With Apple Crumble Top 800G,Frozen,7.5
742,2023-04-03 00:00:00,Weis Ice Cream & Fruit Bar Mango & Cream 70ml x 4 pack,Frozen,9.5
743,2023-04-03 00:00:00,"Bulla Splits Multipack Raspberry, Mango & Lemon Lime 10 Pack",Frozen,4.0
744,2023-04-03 00:00:00,Blue Ribbon Streets Reduced Fat Ice Cream Classic Vanilla Dessert Tub 2L,Frozen,7.0
745,2023-04-03 00:00:00,Connoisseur Ice Cream Vanilla Caramel Brownie 1L,Frozen,9.0
746,2023-04-03 00:00:00,Bulla Creamy Classics Cones Vanilla Fudge 4 Pack,Frozen,4.5
747,2023-04-10 00:00:00, Fresh Strawberry  250G,Fruit,3.5
748,2023-04-10 00:00:00, White Seedless Grapes Bunch Each,Fruit,3.33
749,2023-04-10 00:00:00, Fresh Blueberries Punnet 125g,Fruit,6.5
750,2023-04-10 00:00:00,Driscoll's Fresh Raspberry  125G,Fruit,3.9
751,2023-04-10 00:00:00, Cavendish Bananas  Each,Fruit,0.63
752,2023-04-10 00:00:00,Woolworths Red Watermelon Cut Quarter Each,Fruit,5.5
753,2023-04-10 00:00:00, Lime Fresh  Each,Fruit,1.34
754,2023-04-10 00:00:00, Lemon Fresh  Each,Fruit,1.31
755,2023-04-10 00:00:00,Woolworths Fresh Granny Smith Apples Punnet 1Kg,Fruit,4.9
756,2023-04-10 00:00:00,Jazz Apple  Each,Fruit,1.21
757,2023-04-10 00:00:00, Orange Navel  Each,Fruit,0.0
758,2023-04-10 00:00:00, Lychee Fresh  Per Kg,Fruit,0.0
759,2023-04-10 00:00:00,Woolworths Baby Spinach Spinach 280g,Vegetable,5.0
760,2023-04-10 00:00:00,Woolworths Baby Leaf Rocket  120g,Vegetable,3.3
761,2023-04-10 00:00:00,Woolworths Cherry Tomatoes Punnet 250g,Vegetable,3.0
762,2023-04-10 00:00:00, Spring Onion Eschallot Bunch,Vegetable,2.8
763,2023-04-10 00:00:00, Hass Avocado  Each,Vegetable,0.0
764,2023-04-10 00:00:00,Woolworths Australian Grown Carrots 1Kg,Vegetable,1.0
765,2023-04-10 00:00:00, Fresh Broccoli  Each,Vegetable,1.29
766,2023-04-10 00:00:00,Select Continental Cucumbers  Each,Vegetable,3.0
767,2023-04-10 00:00:00, Potato White Washed  Each,Vegetable,0.81
768,2023-04-10 00:00:00, Onion Red  Each,Vegetable,0.66
769,2023-04-10 00:00:00, Onion Brown  Each,Vegetable,0.56
770,2023-04-10 00:00:00, Sweet Potato Gold  Each,Vegetable,2.03
771,2023-04-10 00:00:00,Woolworths Qukes Baby Cucumbers Punnet 250G,Vegetable,3.5
772,2023-04-10 00:00:00,Woolworths Cos Hearts Lettuce  2 Pack,Vegetable,3.5
773,2023-04-10 00:00:00,Woolworths Broccolini Bunch  Each,Vegetable,2.5
774,2023-04-10 00:00:00,Woolworths Snow Peas Fresh  250G Bag,Vegetable,5.9
775,2023-04-10 00:00:00, Ginger Fresh  Per Kg,Vegetable,29.0
776,2023-04-10 00:00:00, Cabbage Chinese Wombok  Whole Each,Vegetable,4.5
777,2023-04-10 00:00:00,Woolworths Garlic Head  Each,Vegetable,1.45
778,2023-04-10 00:00:00, Beans Round  Per Kg,Vegetable,4.9
779,2023-04-10 00:00:00, Corn Sweet  Each,Vegetable,0.8
780,2023-04-10 00:00:00,Woolworths Asparagus Green Bunch Each,Vegetable,3.9
781,2023-04-10 00:00:00, Brown Mushrooms Loose  Per Kg,Vegetable,0.0
782,2023-04-10 00:00:00,Woolworths Cook Butterflied Lamb Leg With Garlic & Herbs 750g - 1.4kg,Meat,33.6
783,2023-04-10 00:00:00, Pork Belly  600G - 1.3Kg,Meat,20.8
784,2023-04-10 00:00:00,Woolworths Beef Mince 500G,Meat,7.0
785,2023-04-10 00:00:00, Chicken Thigh Fillet Per Kg,Meat,0.0
786,2023-04-10 00:00:00,Woolworths Beef Rump Steak Medium  270G - 750G,Meat,19.6
787,2023-04-10 00:00:00,A2 Milk Full Cream Milk 2L,Fridge,6.6
788,2023-04-10 00:00:00,Vitasoy Oat Milk 1L,Fridge,3.3
789,2023-04-10 00:00:00,Nudie Nothing But Oranges With Pulp 2L,Fridge,8.0
790,2023-04-10 00:00:00,Flora Proactiv Cholesterol Lowering Margarine Spread Light 500G,Fridge,10.0
791,2023-04-10 00:00:00,Essentials Unsalted Butter  250G,Fridge,3.7
792,2023-04-10 00:00:00,Woolworths Thickened Cream  300mL,Fridge,2.8
793,2023-04-10 00:00:00,Farmers Union Natural Greek Style Yogurt  500G,Fridge,0.0
794,2023-04-10 00:00:00,Vaalia Probiotic Yoghurt Passionfruit Yoghurt 150gx 4 Pack,Fridge,5.3
795,2023-04-10 00:00:00,Bega Tasty Cheese Slices 500G,Fridge,10.5
796,2023-04-10 00:00:00,Pauls Custard Vanilla Custard 1kg,Fridge,4.9
797,2023-04-10 00:00:00,Spam Ham Low Salt 340G,Pantry,6.3
798,2023-04-10 00:00:00,Campbell's Real Stock Chicken Salt Reduced Liquid Stock 1l,Pantry,4.5
799,2023-04-10 00:00:00,Essentials Plain Flour  2Kg,Pantry,0.0
800,2023-04-10 00:00:00,Essentials White Sugar  2Kg,Pantry,2.2
801,2023-04-10 00:00:00,Csr Brown Sugar  1Kg,Pantry,3.8
802,2023-04-10 00:00:00,Csr Icing Sugar Soft Mixture 1Kg,Pantry,3.85
803,2023-04-10 00:00:00,Cadbury Baking Milk Chocolate Chips 200G,Pantry,2.7
804,2023-04-10 00:00:00,Cadbury Baking White Chocolate Chips 200g,Pantry,2.7
805,2023-04-10 00:00:00,Cadbury Baking Dark Chocolate Block  180G,Pantry,2.7
806,2023-04-10 00:00:00,Cadbury Baking Milk Chocolate Block  180G,Pantry,2.7
807,2023-04-10 00:00:00,Queen Fairtrade Vanilla Extract With Seeds 50mL,Pantry,8.0
808,2023-04-10 00:00:00,Essentials Self Raising Flour  2Kg,Pantry,0.0
809,2023-04-10 00:00:00,Rose's Strawberry Jam Conserve Conserve 500G,Pantry,4.5
810,2023-04-10 00:00:00,Bega Peanut Butter Crunchy 780G,Pantry,7.5
811,2023-04-10 00:00:00,Vegemite Spread  560G,Pantry,9.0
812,2023-04-10 00:00:00,Kelloggs Crunchy Nut Corn Flakes Breakfast Cereal 640g,Pantry,9.5
813,2023-04-10 00:00:00,Kelloggs Nutri Grain Protein Breakfast Cereal 765g,Pantry,10.0
814,2023-04-10 00:00:00,Nestle Milo Choc-malt 1Kg,Pantry,14.5
815,2023-04-10 00:00:00,Twinings English Breakfast Extra Strong Tea Bags 80 Pack,Pantry,13.5
816,2023-04-10 00:00:00,Capilano 100% Pure Australian Honey Squeeze 500g,Pantry,8.6
817,2023-04-10 00:00:00,Tip Top The One White Sandwich Slice Bread Loaf 700g,Pantry,3.9
818,2023-04-10 00:00:00,Tip Top Raisin Fruit Bread Loaf Toast 520G,Pantry,4.5
819,2023-04-10 00:00:00,Woolworths Bread Rolls Extra Soft Lunch 6 Pack,Pantry,2.5
820,2023-04-10 00:00:00,Menissez Bake At Home White Dinner Rolls 6 Pack,Pantry,2.6
821,2023-04-10 00:00:00,Woolworths Frozen Blueberries  500G,Frozen,6.2
822,2023-04-10 00:00:00,Woolworths Frozen Mixed Berries  500G,Frozen,6.2
823,2023-04-10 00:00:00,Woolworths Australian Baby Peas  1Kg,Frozen,5.0
824,2023-04-10 00:00:00,Sara Lee Deep Dish Pie With Apple Crumble Top 800G,Frozen,9.5
825,2023-04-10 00:00:00,Weis Ice Cream & Fruit Bar Mango & Cream 70ml x 4 pack,Frozen,6.5
826,2023-04-10 00:00:00,"Bulla Splits Multipack Raspberry, Mango & Lemon Lime 10 Pack",Frozen,8.0
827,2023-04-10 00:00:00,Blue Ribbon Streets Reduced Fat Ice Cream Classic Vanilla Dessert Tub 2L,Frozen,7.0
828,2023-04-10 00:00:00,Connoisseur Ice Cream Vanilla Caramel Brownie 1L,Frozen,12.0
829,2023-04-10 00:00:00,Bulla Creamy Classics Cones Vanilla Fudge 4 Pack,Frozen,9.0
0,2023-04-17, Fresh Strawberry  250G,Fruit,3.7
0,2023-04-17, White Seedless Grapes Bunch Each,Fruit,3.8
0,2023-04-17, Fresh Blueberries Punnet 125g,Fruit,7.0
0,2023-04-17,Driscoll's Fresh Raspberry  125G,Fruit,3.5
0,2023-04-17, Cavendish Bananas  Each,Fruit,0.63
0,2023-04-17,Woolworths Red Watermelon Cut Quarter Each,Fruit,5.5
0,2023-04-17, Lime Fresh  Each,Fruit,1.16
0,2023-04-17, Lemon Fresh  Each,Fruit,1.38
0,2023-04-17,Woolworths Fresh Granny Smith Apples Punnet 1Kg,Fruit,4.9
0,2023-04-17,Jazz Apple  Each,Fruit,1.21
0,2023-04-17, Orange Navel  Each,Fruit,0.0
0,2023-04-17, Lychee Fresh  Per Kg,Fruit,0.0
0,2023-04-17,Woolworths Baby Spinach Spinach 280g,Vegetable,4.5
0,2023-04-17,Woolworths Baby Leaf Rocket  120g,Vegetable,3.3
0,2023-04-17,Woolworths Cherry Tomatoes Punnet 250g,Vegetable,2.5
0,2023-04-17, Spring Onion Eschallot Bunch,Vegetable,2.8
0,2023-04-17, Hass Avocado  Each,Vegetable,0.0
0,2023-04-17,Woolworths Australian Grown Carrots 1Kg,Vegetable,2.4
0,2023-04-17, Fresh Broccoli  Each,Vegetable,1.62
0,2023-04-17,Woolworths Continental Cucumbers  Each,Vegetable,3.0
0,2023-04-17, Potato White Washed  Each,Vegetable,0.81
0,2023-04-17, Onion Red  Each,Vegetable,0.66
0,2023-04-17, Onion Brown  Each,Vegetable,0.56
0,2023-04-17, Sweet Potato Gold  Each,Vegetable,1.13
0,2023-04-17,Woolworths Qukes Baby Cucumbers Punnet 250G,Vegetable,3.5
0,2023-04-17,Woolworths Cos Hearts Lettuce  2 Pack,Vegetable,3.5
0,2023-04-17,Woolworths Broccolini Bunch  Each,Vegetable,2.0
0,2023-04-17,Woolworths Snow Peas Fresh  250G Bag,Vegetable,4.5
0,2023-04-17, Ginger Fresh  Per Kg,Vegetable,29.0
0,2023-04-17, Cabbage Chinese Wombok  Whole Each,Vegetable,4.5
0,2023-04-17,Woolworths Garlic Head  Each,Vegetable,1.45
0,2023-04-17, Beans Round  Per Kg,Vegetable,4.9
0,2023-04-17, Corn Sweet  Each,Vegetable,1.2
0,2023-04-17,Woolworths Asparagus Green Bunch Each,Vegetable,3.9
0,2023-04-17, Brown Mushrooms Loose  Per Kg,Vegetable,0.0
0,2023-04-17,Woolworths Cook Butterflied Lamb Leg With Garlic & Herbs 750g - 1.4kg,Meat,33.6
0,2023-04-17, Pork Belly  600G - 1.3Kg,Meat,24.7
0,2023-04-17,Woolworths Beef Mince 500G,Meat,7.0
0,2023-04-17, Chicken Thigh Fillet Per Kg,Meat,0.0
0,2023-04-17,Woolworths Beef Rump Steak Medium  270G - 750G,Meat,19.6
0,2023-04-17,A2 Milk Full Cream Milk 2L,Fridge,6.6
0,2023-04-17,Vitasoy Oat Milk 1L,Fridge,3.3
0,2023-04-17,Nudie Nothing But Oranges With Pulp 2L,Fridge,6.8
0,2023-04-17,Flora Proactiv Cholesterol Lowering Margarine Spread Light 500G,Fridge,10.0
0,2023-04-17,Essentials Unsalted Butter  250G,Fridge,3.7
0,2023-04-17,Woolworths Thickened Cream  300mL,Fridge,2.8
0,2023-04-17,Farmers Union Natural Greek Style Yogurt  500G,Fridge,0.0
0,2023-04-17,Vaalia Probiotic Yoghurt Passionfruit Yoghurt 150gx 4 Pack,Fridge,5.3
0,2023-04-17,Bega Tasty Cheese Slices 500G,Fridge,10.5
0,2023-04-17,Pauls Custard Vanilla Custard 1kg,Fridge,5.4
0,2023-04-17,Spam Ham Low Salt 340G,Pantry,6.3
0,2023-04-17,Campbell's Real Stock Chicken Salt Reduced Liquid Stock 1l,Pantry,3.0
0,2023-04-17,Essentials Plain Flour  2Kg,Pantry,0.0
0,2023-04-17,Essentials White Sugar  2Kg,Pantry,2.2
0,2023-04-17,Csr Brown Sugar  1Kg,Pantry,3.8
0,2023-04-17,Csr Icing Sugar Soft Mixture 1Kg,Pantry,3.85
0,2023-04-17,Cadbury Baking Milk Chocolate Chips 200G,Pantry,4.5
0,2023-04-17,Cadbury Baking White Chocolate Chips 200g,Pantry,4.5
0,2023-04-17,Cadbury Baking Dark Chocolate Block  180G,Pantry,4.5
0,2023-04-17,Cadbury Baking Milk Chocolate Block  180G,Pantry,4.5
0,2023-04-17,Queen Fairtrade Vanilla Extract With Seeds 50mL,Pantry,8.0
0,2023-04-17,Essentials Self Raising Flour  2Kg,Pantry,0.0
0,2023-04-17,Rose's Strawberry Jam Conserve Conserve 500G,Pantry,4.5
0,2023-04-17,Bega Peanut Butter Crunchy 780G,Pantry,7.5
0,2023-04-17,Vegemite Spread  560G,Pantry,9.0
0,2023-04-17,Kelloggs Crunchy Nut Corn Flakes Breakfast Cereal 640g,Pantry,7.0
0,2023-04-17,Kelloggs Nutri Grain Protein Breakfast Cereal 765g,Pantry,7.0
0,2023-04-17,Nestle Milo Choc-malt 1Kg,Pantry,14.5
0,2023-04-17,Twinings English Breakfast Extra Strong Tea Bags 80 Pack,Pantry,7.5
0,2023-04-17,Capilano 100% Pure Australian Honey Squeeze 500g,Pantry,8.6
0,2023-04-17,Tip Top The One White Sandwich Slice Bread Loaf 700g,Pantry,3.9
0,2023-04-17,Tip Top Raisin Fruit Bread Loaf Toast 520G,Pantry,5.2
0,2023-04-17,Woolworths Bread Rolls Extra Soft Lunch 6 Pack,Pantry,2.5
0,2023-04-17,Menissez Bake At Home White Dinner Rolls 6 Pack,Pantry,2.6
0,2023-04-17,Woolworths Frozen Blueberries  500G,Frozen,6.2
0,2023-04-17,Woolworths Frozen Mixed Berries  500G,Frozen,6.2
0,2023-04-17,Woolworths Australian Baby Peas  1Kg,Frozen,5.0
0,2023-04-17,Sara Lee Deep Dish Pie With Apple Crumble Top 800G,Frozen,9.5
0,2023-04-17,Weis Ice Cream & Fruit Bar Mango & Cream 70ml x 4 pack,Frozen,9.5
0,2023-04-17,"Bulla Splits Multipack Raspberry, Mango & Lemon Lime 10 Pack",Frozen,6.0
0,2023-04-17,Blue Ribbon Streets Reduced Fat Ice Cream Classic Vanilla Dessert Tub 2L,Frozen,7.0
0,2023-04-17,Connoisseur Ice Cream Vanilla Caramel Brownie 1L,Frozen,9.0
0,2023-04-17,Bulla Creamy Classics Cones Vanilla Fudge 4 Pack,Frozen,4.5
